,ProjectID,RequirementText,Class
0,101,"['system', 'shall', 'refresh', 'display', 'second']",PE
1,101,"['application', 'shall', 'match', 'color', 'schema', 'set', 'forth', 'department', 'homeland', 'security']",LF
2,101,"['project', 'datum', 'readable', 'projection', 'screen', 'viewer', 'able', 'read', 'event', 'activity', 'datum', 'view', 'distance']",US
3,101,"['product', 'shall', 'available', 'normal', 'business', 'hour', 'long', 'user', 'access', 'client', 'pc', 'system', 'available', 'time', 'month', 'operation']",A
4,101,"['project', 'datum', 'understandable', 'projection', 'screen', 'viewer', 'able', 'determine', 'event', 'activity', 'occur', 'current', 'time', 'view', 'distance']",US
5,101,"['product', 'shall', 'ensure', 'access', 'authorized', 'user', 'product', 'able', 'distinguish', 'authorized', 'unauthorized', 'user', 'access', 'attempt']",SE
6,101,"['product', 'shall', 'intuitive', 'self', 'explanatory', 'new', 'user', 'shall', 'able', 'start', 'display', 'event', 'activity', 'minute', 'product']",US
7,101,"['product', 'shall', 'respond', 'fast', 'date', 'datum', 'display']",PE
8,102,"['look', 'feel', 'system', 'shall', 'conform', 'user', 'interface', 'standard', 'smart', 'device']",LF
9,102,"['user', 'interface', 'shall', 'standard', 'menus', 'button', 'navigation']",LF
10,102,"['system', 'shall', 'professional', 'appearance']",LF
11,102,"['product', 'shall', 'consistent', 'color', 'scheme', 'font']",LF
12,102,"['system', 'shall', 'realtor', 'no', 'training']",US
13,102,"['system', 'shall', 'intuitive', 'self', 'explanatory']",US
14,102,"['product', 'shall', 'easy', 'realtor', 'learn']",US
15,102,"['product', 'shall', 'use', 'symbol', 'word', 'naturally', 'understandable', 'realtor', 'community']",US
16,102,"['product', 'shall', 'produce', 'search', 'result', 'acceptable', 'time']",PE
17,102,"['search', 'result', 'shall', 'return', 'no', 'later', 'second', 'user', 'enter', 'search', 'criterion']",PE
18,102,"['product', 'shall', 'generate', 'cma', 'report', 'acceptable', 'time']",PE
19,102,"['cma', 'report', 'shall', 'return', 'no', 'later', 'second', 'user', 'enter', 'cma', 'report', 'criterion']",PE
20,102,"['product', 'shall', 'synchronize', 'contact', 'appointment', 'acceptable', 'time']",PE
21,102,"['product', 'shall', 'synchronize', 'office', 'system', 'hour']",PE
22,102,"['product', 'shall', 'available', 'use', 'hour', 'day', 'day', 'year']",A
23,102,"['access', 'system', 'system', 'available', 'time']",A
24,102,"['product', 'shall', 'operate', 'offline', 'mode', 'internet', 'connection', 'unavailable']",FT
25,102,"['product', 'shall', 'allow', 'user', 'view', 'previously', 'download', 'search', 'result', 'cma', 'report', 'appointment']",FT
26,102,"['product', 'shall', 'retain', 'user', 'preference', 'event', 'failure']",FT
27,102,"['save', 'user', 'preference', 'shall', 'restore', 'system', 'come', 'online']",FT
28,102,"['product', 'shall', 'able', 'support', 'multiple', 'remote', 'user']",SC
29,102,"['product', 'shall', 'able', 'support', 'simultaneous', 'user']",SC
30,102,"['product', 'shall', 'capable', 'handle', 'exist', 'user', 'number', 'expect', 'grow', 'time', 'year']",SC
31,102,"['product', 'shall', 'instal', 'untrained', 'realtor', 'recourse', 'separately', 'print', 'instruction']",US
32,102,"['untrained', 'realtor', 'shall', 'able', 'install', 'product', 'device', 'print', 'instruction']",US
33,102,"['product', 'expect', 'run', 'windows', 'ce', 'palm', 'operating', 'system']",PO
34,102,"['register', 'realtor', 'shall', 'able', 'access', 'system']",SE
35,102,"['user', 'system', 'shall', 'authenticate', 'authorize']",SE
36,102,"['product', 'shall', 'prevent', 'datum', 'incorrect', 'datum', 'introduce']",SE
37,103,"['system', 'shall', 'easy', 'use', 'program', 'administrator', 'nursing', 'staff', 'member']",US
38,103,"['user', 'shall', 'able', 'use', 'system', 'day', 'training']",US
39,103,"['system', 'shall', 'help', 'user', 'avoid', 'make', 'mistake', 'scheduling', 'class', 'clinical', 'nursing', 'student']",US
40,103,"['number', 'mistake', 'note', 'student', 'shall', 'decrease', 'year']",US
41,103,"['system', 'shall', 'intuitive', 'program', 'administrator', 'nursing', 'staff', 'member']",US
42,103,"['program', 'administrator', 'nursing', 'staff', 'member', 'shall', 'successfully', 'able', 'use', 'system', 'manage', 'scheduling', 'class', 'clinical']",US
43,103,"['system', 'shall', 'use', 'symbol', 'word', 'naturally', 'understandable', 'user', 'community']",US
44,103,"['verbiage', 'system', 'shall', 'consistent', 'standard', 'english', 'terminology', 'national', 'nursing', 'community']",US
45,103,"['staff', 'member', 'shall', 'able', 'complete', 'set', 'task', 'timely', 'manner']",PE
46,103,"['response', 'time', 'general', 'student', 'management', 'task', 'shall', 'no', 'long', 'second', 'response', 'time', 'schedule', 'generation', 'shall', 'no', 'long', 'second']",PE
47,103,"['system', 'shall', 'available', 'use', 'hour', 'p.m.']",A
48,103,"['system', 'shall', 'achieve', 'time']",A
49,103,"['system', 'shall', 'able', 'handle', 'user', 'request', 'usage', 'business', 'hour']",SC
50,103,"['system', 'shall', 'cater', 'simultaneous', 'user', 'p.m.']",SC
51,103,"['system', 'shall', 'capable', 'process', 'nursing', 'student', 'class', 'year']",SC
52,103,"['system', 'shall', 'expect', 'manage', 'nursing', 'program', 'curriculum', 'class', 'clinical', 'scheduling', 'minimum', 'year']",SC
53,103,"['system', 'shall', 'able', 'operate', 'business', 'office', 'environment', 'typical', 'nursing', 'department', 'depaul', 'university']",O
54,103,"['system', 'shall', 'specification', 'define', 'computer', 'program', 'administrator', 'nursing', 'staff', 'member']",O
55,103,"['system', 'shall', 'operate', 'windows', 'xp', 'professional', 'operating', 'system']",O
56,103,"['system', 'shall', 'interface', 'campusconnect', 'central', 'server']",O
57,103,"['system', 'shall', 'interface', 'faculty', 'central', 'server']",O
58,103,"['system', 'shall', 'interface', 'student', 'master', 'server']",O
59,103,"['able', 'interface', 'html', 'browser']",O
60,103,"['authorize', 'user', 'shall', 'access', 'clinical', 'site', 'information']",SE
61,103,"['program', 'administrator', 'nursing', 'staff', 'member', 'people', 'shall', 'access', 'clinical', 'site', 'detail']",SE
62,103,"['authorize', 'user', 'shall', 'access', 'student', ""'"", 'personal', 'information']",SE
63,103,"['dr', 'susan', 'poslusny', 'dr', 'julie', 'donalek', 'people', 'shall', 'access', 'student', ""'"", 'personal', 'information']",SE
64,103,"['authorize', 'user', 'shall', 'access', 'portion', 'system', 'interface', 'campusconnect']",SE
65,103,"['fit', 'criterion', 'dr', 'susan', 'poslusny', 'karen', 'sysol', 'people', 'shall', 'access', 'final', 'class', 'section', 'scheduling', 'system', 'interface', 'campusconnect']",SE
66,103,"['system', 'shall', 'basic', 'datum', 'integrity', 'check', 'reduce', 'possibility', 'incorrect', 'invalid', 'datum', 'introduce']",SE
67,103,"['system', 'shall', 'protect', 'private', 'information', 'accordance', 'organization', 'information', 'policy']",SE
68,103,"['system', 'shall', 'build', 'secure', 'possible', 'malicious', 'interference']",SE
69,103,"['system', 'shall', 'use', 'organization', 'standard', 'virus', 'protection', 'software', 'help', 'monitor', 'threat']",SE
70,104,"['dispute', 'application', 'shall', 'comply', 'corporate', 'standard', 'user', 'interface', 'creation', 'internally', 'externally', 'application']",LF
71,104,"['screen', 'create', 'dispute', 'application', 'comply', 'corporate', 'standard', 'interface', 'creation']",LF
72,104,"['list', 'dispute', 'case', 'display', 'search', 'perform', 'color', 'code', 'easy', 'identification', 'dispute', 'case', 'base', 'dispute', 'case', 'status']",US
73,104,"['cardmember', 'merchant', 'service', 'representative', 'shall', 'use', 'dispute', 'application', 'regularly', 'training', 'course']",US
74,104,"['cardmember', 'service', 'representative', 'shall', 'able', 'successfully', 'create', 'dispute', 'case', 'encounter', 'complete', 'training', 'course']",US
75,104,"['merchant', 'service', 'representative', 'shall', 'able', 'successfully', 'perform', 'follow', 'action', 'dispute', 'case', 'encounter', 'complete', 'training', 'course']",US
76,104,"['maximum', 'wait', 'time', 'user', 'navigate', 'screen', 'dispute', 'application', 'shall', 'no', 'second']",PE
77,104,"['dispute', 'application', 'shall', 'support', 'concurrent', 'user', 'degradation', 'performance', 'application']",PE
78,104,"['dispute', 'application', 'shall', 'available', 'exception', 'following', 'schedule', 'maintenance', 'window', 'monday', 'saturday', 'est', 'sunday', 'est']",O
79,104,"['dispute', 'application', 'shall', 'interface', 'statement', 'database', 'statement', 'database', 'provide', 'transaction', 'detail', 'dispute', 'system', 'transaction', 'detail', 'obtain', 'statement', 'database']",O
80,104,"['dispute', 'application', 'shall', 'interface', 'cardmember', 'information', 'database', 'cardmember', 'information', 'database', 'provide', 'detailed', 'information', 'regard', 'cardmember', 'cardmember', 'detail', 'information', 'obtain', 'cardmember', 'information', 'database']",O
81,104,"['dispute', 'application', 'shall', 'interface', 'merchant', 'information', 'database', 'merchant', 'information', 'database', 'provide', 'detailed', 'information', 'regard', 'merchant', 'merchant', 'detail', 'information', 'shall', 'obtain', 'merchant', 'information', 'database']",O
82,104,"['dispute', 'application', 'shall', 'interface', 'letter', 'application', 'allow', 'dispute', 'application', 'request', 'letter', 'dispute', 'initiation', 'dispute', 'follow', 'process', 'letter', 'request', 'send', 'print', 'letter', 'utility', 'application']",O
83,104,"['dispute', 'application', 'shall', 'interface', 'cardmember', 'post', 'billing', 'system', 'allow', 'dispute', 'application', 'request', 'adjustment', 'cardmember', 'merchant', 'account', 'adjustment', 'request', 'send', 'cardmember', 'post', 'billing', 'system']",O
84,104,"['dispute', 'application', 'shall', 'ensure', 'user', 'appropriate', 'access', 'level', 'allow', 'initiate', 'dispute', 'request']",SE
85,104,"['user', 'update', 'access', 'able', 'initiate', 'dispute', 'request']",SE
86,104,"['dispute', 'application', 'shall', 'ensure', 'authorize', 'user', 'allow', 'logon', 'application']",SE
87,104,"['authorize', 'user', 'authenticate', 'able', 'logon', 'dispute', 'system']",SE
88,104,"['dispute', 'system', 'shall', 'generate', 'user', 'report', 'detail', 'new', 'user', 'add', 'change', 'exist', 'user', 'access', 'level', 'report', 'review', 'auditing', 'purpose']",SE
89,104,"['addition', 'new', 'user', 'modification', 'user', 'access', 'shall', 'record', 'user', 'report']",SE
90,104,"['user', 'account', 'revoke', 'instantiate', 'system', 'administrator']",SE
91,104,"['system', 'administrator', 'shall', 'able', 'reset', 'revoke', 'user', 'logon', 'account']",SE
92,104,"['dispute', 'application', 'shall', 'manipulate', 'view', 'business', 'datum', 'user', 'not', 'direct', 'access', 'data', 'file', 'database']",SE
93,104,"['update', 'data', 'file', 'database', 'initiate', 'dispute', 'system']",SE
94,104,"['dispute', 'application', 'conform', 'legal', 'requirement', 'specify', 'merchant', 'operate', 'regulation']",L
95,104,"['business', 'rule', 'specify', 'dispute', 'system', 'shall', 'compliance', 'merchant', 'operate', 'regulation']",L
96,104,"['dispute', 'application', 'conform', 'legal', 'requirement', 'specify', 'regulation', 'e', 'regulation', 'z', 'govern', 'credit', 'card', 'dispute', 'processing']",L
97,104,"['business', 'rule', 'specify', 'dispute', 'system', 'shall', 'compliance', 'guideline', 'regulation', 'e', 'regulation', 'z.']",L
98,104,"['dispute', 'application', 'maintain', 'detailed', 'history', 'action', 'user', 'take', 'dispute', 'case', 'ensure', 'complete', 'audit', 'trail', 'question', 'arise', 'later', 'regard', 'particular', 'dispute', 'case']",L
99,104,"['action', 'modify', 'exist', 'dispute', 'case', 'record', 'case', 'history']",L
100,105,"['product', 'support', 'internet', 'explorer']",O
101,105,"['product', 'support', 'mozilla', 'firefox']",O
102,105,"['product', 'shall', 'interface', 'choice', 'part', 'system', 'provide', 'feed', 'recycled', 'part', 'datum']",O
103,105,"['product', 'shall', 'run', 'exist', 'hardware', 'environment']",O
104,105,"['product', 'shall', 'adhere', 'corporate', 'architecture', 'guideline']",O
105,105,"['product', 'shall', 'comply', 'corporate', 'user', 'interface', 'guideline']",LF
106,105,"['product', 'shall', 'comply', 'corporate', 'color', 'scheme']",LF
107,105,"['appearance', 'product', 'shall', 'appear', 'professional']",LF
108,105,"['product', 'shall', 'easy', 'use', 'adjuster', 'collision', 'estimator', 'adjuster', 'collision', 'estimator', 'shall', 'find', 'product', 'easy', 'use']",US
109,105,"['product', 'shall', 'increase', 'productivity', 'collision', 'estimator', 'collision', 'estimator', 'shall', 'agree', 'productivity', 'increase', 'month', 'product']",US
110,105,"['user', 'shall', 'feel', 'satisfied', 'product', 'user', 'satisfied', 'product']",US
111,105,"['product', 'shall', 'easy', 'learn', 'adjuster', 'collision', 'estimator', 'product', 'shall', 'learn', 'day', 'onsite', 'training']",US
112,105,"['user', 'shall', 'easily', 'locate', 'instruction', 'product', 'user', 'help', 'find', 'system']",US
113,105,"['search', 'recycled', 'part', 'shall', 'no', 'long', 'second', 'search', 'result', 'shall', 'return', 'second']",PE
114,105,"['search', 'preferred', 'repair', 'facility', 'shall', 'no', 'long', 'second', 'preferred', 'repair', 'facility', 'return', 'second']",PE
115,105,"['recycled', 'part', 'audit', 'report', 'shall', 'return', 'user', 'second', 'audit', 'report', 'shall', 'return', 'second']",PE
116,105,"['prefer', 'repair', 'facility', 'rating', 'shall', 'save', 'second', 'save', 'shall', 'occur', 'second']",PE
117,105,"['product', 'shall', 'adhere', 'corporate', 'online', 'availability', 'schedule', 'application', 'bring', 'schedule', 'outage', 'availability', 'schedule']",A
118,105,"['product', 'shall', 'achieve', 'uptime', 'product', 'shall', 'not', 'fail', 'available', 'online', 'time']",A
119,105,"['product', 'shall', 'able', 'handle', 'simultaneous', 'user', 'system', 'shall', 'perform', 'user', 'time']",SC
120,105,"['average', 'number', 'recycled', 'part', 'record', 'day', 'shall']",SC
121,105,"['product', 'shall', 'able', 'handle', 'concurrent', 'user', 'year', 'initial', 'launch']",SC
122,105,"['estimator', 'product', 'shall', 'able', 'operate', 'repair', 'facility', 'dirty', 'noisy', 'condition']",O
123,105,"['product', 'shall', 'interface', 'choicepart', 'system', 'day', 'approximately']",O
124,105,"['maintenance', 'product', 'fall', 'establish', 'corporate', 'maintenance', 'window']",O
125,105,"['product', 'shall', 'support', 'corporate', 'support', 'center']",O
126,105,"['product', 'installation', 'upgrade', 'shall', 'handle', 'middleware', 'technology', 'team', 'established', 'launch', 'time', 'frame']",O
127,105,"['adjuster', 'request', 'recycled', 'part', 'audit', 'report', 'no', 'user', 'adjuster', 'role', 'shall', 'request', 'recycled', 'part', 'audits']",SE
128,105,"['adjuster', 'supervisor', 'role', 'update', 'prefer', 'repair', 'facility', 'rating', 'user', 'supervisor', 'role', 'not', 'access', 'repair', 'facility', 'rating']",SE
129,105,"['collision', 'estimator', 'shall', 'search', 'recycled', 'part', 'user', 'collision', 'estimator', 'role', 'shall', 'not', 'access', 'search', 'recycled', 'part']",SE
130,105,"['valid', 'datum', 'shall', 'enter', 'system', 'no', 'invalid', 'datum', 'shall', 'enter', 'system']",SE
131,105,"['insurance', 'company', 'shall', 'not', 'able', 'view', 'insurance', 'companys', 'claim', 'datum']",SE
132,105,"['product', 'shall', 'free', 'computer', 'virus']",SE
133,105,"['system', 'shall', 'prevent', 'malicious', 'attack', 'include', 'denial', 'service']",SE
134,105,"['product', 'comply', 'sarbane', 'oxley']",L
135,105,"['product', 'shall', 'comply', 'estimatic', 'law', 'relate', 'recycled', 'part', 'usage']",L
136,105,"['product', 'shall', 'comply', 'insurance', 'regulation', 'claim', 'process']",L
137,106,"['product', 'work', 'database', 'management', 'system', 'dbms', 'market', 'dbms', 'collocate', 'product', 'machine', 'locate', 'different', 'machine', 'computer', 'network']",O
138,106,"['product', 'function', 'alongside', 'server', 'software', 'operating', 'system', 'java', 'runtime', 'instal']",O
139,106,"['product', 'require', 'collaboration', 'database', 'management', 'system', 'dbms', 'dbms', 'locate', 'machine', 'product', 'separate', 'machine', 'reside', 'computer', 'network']",O
140,106,"['product', 'use', 'web', 'application', 'server', 'technology', 'open', 'source', 'example', 'include', 'apache', 'web', 'server', 'tomcat', 'jboss', 'application', 'server']",O
141,106,"['database', 'management', 'system', 'oracle', 'db2', 'mysql', 'hsql', 'need', 'integrate', 'product']",O
142,106,"['product', 'look', 'feel', 'shall', 'able', 'incorporate', 'aspect', 'customer', 'organization', 'logo', 'branding', 'identity']",LF
143,106,"['product', 'shall', 'conservative', 'professional', 'appearance']",LF
144,106,"['product', 'shall', 'user', 'want', 'use', 'user', 'survey', 'report', 'regularly', 'product', 'week', 'post', 'launch']",US
145,106,"['product', 'shall', 'easy', 'use', 'user', 'able', 'successfully', 'reserve', 'conference', 'room', 'minute', 'product', 'use']",US
146,106,"['product', 'shall', 'user', 'feedback', 'necessary', 'user', 'survey', 'report', 'product', 'accurately', 'confirm', 'action']",US
147,106,"['product', 'shall', 'allow', 'user', 'select', 'choose', 'language', 'target', 'market', 'country']",US
148,106,"['product', 'shall', 'allow', 'customization', 'start', 'page', 'view', 'preference']",US
149,106,"['employee', 'able', 'successfully', 'use', 'product', 'minute', 'informally', 'navigate', 'product', 'minute', 'user', 'shall', 'able', 'successfully', 'setup', 'meeting', 'reserve', 'conference', 'room']",US
150,106,"['product', 'shall', 'use', 'standard', 'navigation', 'menu', 'familiar', 'web', 'user']",US
151,106,"['product', 'shall', 'allow', 'intuitive', 'searching', 'available', 'conference', 'room']",US
152,106,"['product', 'shall', 'conform', 'americans', 'disabilities', 'act']",US
153,106,"['response', 'shall', 'fast', 'avoid', 'interrupt', 'user', 'flow', 'thought', 'task', 'shall', 'complete', 'second', 'task', 'shall', 'complete', 'second']",PE
154,106,"['aside', 'server', 'failure', 'software', 'product', 'shall', 'achieve', 'time']",A
155,106,"['product', 'shall', 'create', 'exception', 'log', 'problem', 'encounter', 'product', 'transmission', 'company', 'analysis', 'resolution']",FT
156,106,"['product', 'shall', 'capable', 'handle', 'concurrent', 'request', 'number', 'increase', 'release', 'concurrency', 'capacity', 'able', 'handle', 'peak', 'scheduling', 'time', 'early', 'morning', 'late', 'afternoon', 'hour']",SC
157,106,"['product', 'shall', 'able', 'process', 'transaction', 'hour', 'year', 'launch', 'number', 'increase', 'release']",SC
158,106,"['product', 'shall', 'expect', 'operate', 'year', 'customer', 'installation']",SC
159,106,"['product', 'shall', 'office', 'environment']",O
160,106,"['product', 'able', 'interface', 'html', 'browser', 'product', 'shall', 'transmit', 'datum', 'user', 'product', 'problem', 'product', 'shall', 'display', 'html', 'properly', 'html', 'browser', 'test', 'minimum', 'test', 'browser']",O
161,106,"['product', 'able', 'interface', 'database', 'management', 'system', 'product', 'shall', 'communicate', 'successfully', 'database', 'management', 'system', 'transaction']",O
162,106,"['product', 'able', 'interface', 'email', 'server', 'product', 'shall', 'able', 'send', 'email']",O
163,106,"['product', 'shall', 'available', 'distribution', 'internet', 'binary', 'zip', 'file']",O
164,106,"['product', 'shall', 'available', 'distribution', 'package', 'cd']",O
165,106,"['product', 'available', 'licensing', 'server', 'server', 'server', 'license']",O
166,106,"['new', 'user', 'able', 'add', 'system', 'minute', 'new', 'user', 'able', 'log', 'system', 'minute']",US
167,106,"['product', 'design', 'design', 'pattern', 'code', 'good', 'practice', 'maintenance', 'software', 'developer', 'able', 'integrate', 'new', 'functionality', 'product', 'work', 'day']",MN
168,106,"['product', 'highly', 'configurable', 'use', 'database', 'management', 'system', 'end', 'user', 'end', 'user', 'able', 'integrate', 'new', 'database', 'management', 'system', 'product', 'change', 'product', 'software', 'code']",MN
169,106,"['maintenance', 'release', 'offer', 'customer', 'year', 'release', 'shall', 'no', 'long', 'minute', 'customer', 'base', 'install']",MN
170,106,"['register', 'user', 'access', 'product', 'support', 'site', 'internet', 'register', 'user', 'shall', 'find', 'solution', 'problem', 'minute', 'support', 'site']",US
171,106,"['customer', 'shall', 'able', 'easily', 'integrate', 'new', 'building', 'map', 'product', 'product', 'lifecycle', 'integration', 'new', 'map', 'product', 'shall', 'possible', 'little', 'no', 'support', 'product', 'support', 'staff']",MN
172,106,"['product', 'shall', 'translate', 'foreign', 'language', 'target', 'market', 'country', ""'"", 'language', 'future', 'release', 'emerge', 'target', 'market', 'shall', 'no', 'day', 'configure', 'product', 'market', 'language']",US
173,106,"['product', 'expect', 'integrate', 'multiple', 'database', 'management', 'system', 'product', 'operate', 'oracle', 'sql', 'server', 'db2', 'mysql', 'hsql', 'ms', 'access']",O
174,106,"['product', 'shall', 'able', 'instal', 'operating', 'environment', 'day']",O
175,106,"['product', 'shall', 'ensure', 'company', 'employee', 'external', 'user', 'company', 'approve', 'user', 'id', 'product', 'access', 'logon', 'shall', 'company', 'employee', 'external', 'user', 'company', 'approve', 'user', 'id']",SE
176,106,"['manager', 'able', 'perform', 'search', 'query', 'reservation', 'user', 'search', 'query', 'reservation', 'user', 'shall', 'logon', 'management', 'logon']",SE
177,106,"['product', 'shall', 'ensure', 'database', 'data', 'correspond', 'datum', 'enter', 'user', 'conference', 'room', 'reservation', 'system', 'contain', 'information', 'enter', 'user']",SE
178,106,"['product', 'shall', 'prevent', 'input', 'malicious', 'datum', 'product', 'and/or', 'adjacent', 'hardware', 'software', 'system', ""'"", 'datum', 'shall', 'remain', 'uncorrupted', 'time', 'malicious', 'datum', 'input', 'product']",SE
179,106,"['product', 'and/or', 'dependent', 'database', 'filesystem', 'shall', 'remain', 'operational', 'result', 'input', 'malicious', 'datum', 'product', 'and/or', 'dependent', 'database', 'filesystem', 'shall', 'not', 'crash', 'time', 'malicious', 'datum', 'input', 'product']",FT
180,106,"['product', 'shall', 'ability', 'receive', 'automatic', 'software', 'update', 'new', 'threat', 'emerge', 'customer', 'able', 'receive', 'automatic', 'software', 'update', 'transmit', 'instal', 'product']",SE
181,106,"['language', 'product', 'shall', 'accommodate', 'target', 'market', 'country', 'survey', 'respondent', 'target', 'market', 'country', 'find', 'language', 'product', 'acceptable']",SC
182,106,"['product', 'shall', 'able', 'display', 'calendar', 'date', 'time', 'accord', 'user', 'locale', 'survey', 'respondent', 'target', 'market', 'country', 'find', 'date', 'time', 'format', 'product', 'correct']",US
183,106,"['product', 'develop', 'j2se', 'j2ee', 'programming', 'language', 'library']",O
184,107,"['recreation', 'inventory', 'quantity', 'adjustment', 'period', 'previous', 'day', 'shall', 'no', '30min']",PE
185,107,"['system', 'shall', 'allow', 'minimum', 'user', 'work', 'time']",PE
186,107,"['system', 'shall', 'utilize', 'currently', 'own', 'computer', 'equipment']",O
187,107,"['system', 'shall', 'able', 'automatically', 'backup', 'business', 'datum', 'restore', 'demand']",O
188,107,"['system', 'shall', 'maintain', 'consistent', 'security', 'change', 'user', 'password', 'and/or', 'permission', 'affect', 'part', 'system']",SE
189,107,"['system', 'shall', 'granularly', 'control', 'access', 'right', 'major', 'subsystem', 'possible', 'assign', 'access', 'right', 'subsystem', 'independently']",SE
190,107,"['system', 'shall', 'meet', 'applicable', 'accounting', 'standard', 'final', 'version', 'system', 'successfully', 'pass', 'independent', 'audit', 'perform', 'certify', 'auditor']",L
191,107,"['system', 'shall', 'not', 'require', 'additional', 'party', 'license', 'result', 'royalty', 'fee']",O
192,108,"['administrator', 'shall', 'able', 'activate', 'pre', 'paid', 'card', 'administration', 'section', 'second']",PE
193,108,"['customer', 'shall', 'able', 'check', 'status', 'prepaid', 'card', 'enter', 'pin', 'number', 'second']",PE
194,108,"['system', 'shall', 'let', 'customer', 'register', 'website', 'pay', 'user', 'minute']",PE
195,108,"['system', 'shall', 'let', 'customer', 'register', 'website', 'unlimited', 'movie', 'subscriber', 'user', 'minute']",PE
196,108,"['system', 'shall', 'let', 'existing', 'customer', 'log', 'website', 'email', 'address', 'password', 'second']",PE
197,108,"['system', 'shall', 'let', 'customer', 'cancel', 'account', 'process', 'shall', 'no', 'long', 'minute', 'database', 'mark', 'account', 'inactive', 'user', 'not', 'able', 'log', 'website']",PE
198,108,"['system', 'shall', 'let', 'administrator', 'deactivate', 'customer', 'account', 'minute', 'customer', 'no', 'longer', 'able', 'access', 'website']",PE
199,108,"['system', 'shall', 'let', 'administrator', 'add', 'remove', 'movie', 'website', 'minute', 'entered', 'movie', 'information', 'store', 'database', 'available', 'website']",PE
200,108,"['system', 'shall', 'let', 'administrator', 'add', 'remove', 'category', 'website', 'minute']",PE
201,108,"['system', 'shall', 'let', 'izogn', 'manager', 'access', 'sale', 'usage', 'statistic', 'minute']",PE
202,108,"['system', 'shall', 'let', 'administrator', 'generate', 'unique', 'pre', 'pay', 'pin', 'minute', 'generate', 'excel', 'file', 'generate', 'pin']",PE
203,108,"['website', 'shall', 'attractive', 'audience', 'website', 'shall', 'appear', 'fun', 'color', 'bright', 'vibrant']",LF
204,108,"['website', 'african', 'feel', 'not', 'alienate', 'non', 'africans', 'website', 'use', 'animation', 'page', 'describe', 'service', 'grab', 'user', 'attention', 'encourage', 'sign']",LF
205,108,"['website', 'design', 'modern', 'clean', 'concise']",LF
206,108,"['product', 'able', 'novice', 'user', 'internet']",US
207,108,"['user', 'navigate', 'maximum', 'page', 'create', 'account', 'website']",US
208,108,"['user', 'able', 'access', 'stream', 'movie', 'click', 'log', 'website']",US
209,108,"['anonymous', 'survey', 'customer', 'comfortable', 'purchase', 'stream', 'movie', 'week', 'website']",US
210,108,"['anonymous', 'survey', 'customer', 'comfortable', 'purchase', 'pre', 'pay', 'card', 'month', 'system']",US
211,108,"['product', 'shall', 'retain', 'customer', 'buying', 'preference', 'information']",US
212,108,"['product', 'shall', 'easy', 'customer', 'novice', 'skill', 'internet', 'purchase', 'watch', 'streaming', 'movie', 'customer', 'able', 'purchase', 'watch', 'pre', 'determined', 'movie', 'minute']",US
213,108,"['product', 'shall', 'use', 'symbol', 'word', 'naturally', 'understandable', 'user', 'familiar', 'website']",US
214,108,"['website', 'use', 'standard', 'internet', 'convention', 'interact', 'user']",US
215,108,"['interface', 'user', 'automate', 'system', 'shall', 'maximum', 'response', 'time', 'second', 'note', 'exception']",PE
216,108,"['purchase', 'streaming', 'movie', 'pre', 'paid', 'card', 'credit', 'card', 'processing', 'time', 'maximum', 'response', 'time', 'second']",PE
217,108,"['stream', 'movie', 'buffering', 'time', 'no', 'long', 'second', 'plus', 'latency', 'user', 'connection']",PE
218,108,"['stream', 'movie', 'buffering', 'occur', 'latency', 'user', 'connection']",PE
219,108,"['credit', 'card', 'information', 'secure', 'server', 'accessible', 'authorized', 'izogn', 'administrator', 'information', 'encrypt', 'database']",SE
220,108,"['website', 'shall', 'available', 'use', 'hour', 'day', 'day', 'year']",A
221,108,"['website', 'shall', 'achieve', 'time']",A
222,108,"['movie', 'shall', 'stream', 'demand', 'time', 'day']",A
223,108,"['website', 'shall', 'continue', 'operate', 'streaming', 'server', 'go']",FT
224,108,"['website', 'shall', 'continue', 'operate', 'payment', 'gateway', 'go']",FT
225,108,"['streaming', 'server', 'support', 'simultaneous', 'streaming', 'connection']",SC
226,108,"['streaming', 'server', 'support', 'maximum', 'movie', 'new', 'server', 'add', 'support', 'movie']",SC
227,108,"['server', 'support', 'maximum', 'simultaneous', 'user']",SC
228,108,"['website', 'shall', 'capable', 'support', 'customer']",SC
229,108,"['product', 'shall', 'expect', 'operate', 'maximum', 'maintenance', 'budget', 'minimum', 'year']",MN
230,108,"['aspect', 'website', 'shall', 'access', 'web', 'browser', 'internet']",O
231,108,"['hardware', 'support', 'current', 'website', 'support', 'new', 'system']",O
232,108,"['able', 'interface', 'follow', 'browser', 'ie', 'netscape', 'firefox']",O
233,108,"['website', 'interface', 'cybersource', 'api', 'process', 'credit', 'card', 'transaction']",O
234,108,"['website', 'fully', 'operational', 'msn', 'tv2']",O
235,108,"['movie', 'shall', 'encode', 'stream', 'window', 'medium', 'player']",O
236,108,"['movie', 'shall', 'encode', '56k', 'stream']",O
237,108,"['promotional', 'update', 'website', 'day', 'update']",MN
238,108,"['izogn', 'administrator', 'able', 'update', 'category', 'listing', 'website', 'minute']",PE
239,108,"['izogn', 'administrator', 'able', 'add', 'new', 'product', 'website', 'minute']",PE
240,108,"['system', 'provide', 'hour', 'toll', 'free', 'number', 'support', 'customer']",A
241,108,"['website', 'provide', 'help', 'section', 'answer', 'solution', 'common', 'problem']",US
242,108,"['velkat', 'staff', 'available', 'phone', 'support', '7am 7pm', 'm', 'f', 'provide', 'technical', 'support', 'izogn', 'administrator']",A
243,108,"['product', 'shall', 'able', 'instal', 'specified', 'environment', 'work', 'day']",O
244,108,"['register', 'customer', 'purchase', 'streaming', 'movie']",SE
245,108,"['customer', 'stream', 'movie', 'purchase', 'day', 'view', 'period']",SE
246,108,"['authorized', 'personnel', 'access', 'customer', 'record', 'database']",SE
247,108,"['administrator', 'activate', 'pre', 'pay', 'card']",SE
248,108,"['authorized', 'personnel', 'access', 'sale', 'information']",SE
249,108,"['website', 'shall', 'prevent', 'datum', 'corrupt', 'incorrect', 'data', 'enter']",SE
250,108,"['website', 'shall', 'protect', 'intentional', 'abuse', 'notify', 'administrator', 'occurrence']",SE
251,108,"['datum', 'integrity', 'script', 'run', 'weekly', 'basis', 'verify', 'integrity', 'database']",SE
252,108,"['website', 'shall', 'user', 'aware', 'information', 'practice', 'collection', 'datum', 'privacy', 'policy', 'accessible', 'page', 'website']",SE
253,108,"['system', 'shall', 'notify', 'customer', 'change', 'information', 'policy']",SE
254,108,"['system', 'shall', 'reveal', 'private', 'information', 'compliance', 'organization', 'information', 'policy']",SE
255,108,"['customer', 'information', 'store', 'secure', 'database', 'accessible', 'authorized', 'personnel']",SE
256,108,"['credit', 'card', 'information', 'encrypt', 'database']",SE
257,108,"['streaming', 'server', 'anti', 'virus', 'software', 'prevent', 'infection', 'malicious', 'virus']",SE
258,108,"['website', 'cater', 'tribe', 'nigeria']",LF
259,108,"['website', 'shall', 'not', 'offensive', 'religious', 'ethnic', 'group']",LF
260,108,"['website', 'appeal', 'african', 'not', 'nigerians']",LF
261,108,"['website', 'use', 'flash', 'provide', 'animation', 'home', 'page']",O
262,108,"['izognmovie', 'shall', 'meet', 'licensing', 'requirement', 'set', 'forth', 'appropriate', 'organization', 'order', 'stream', 'african', 'movie']",L
263,108,"['website', 'comply', 'w3c', 'standard']",L
264,108,"['php', 'code', 'comply', 'pear', 'standard']",L
265,109,"['total', 'lead', 'cycle', 'time', 'complete', 'minute', 'lead', 'volume', 'business', 'hour', 'cst', 'p.m.', 'cst', 'minute', 'lead', 'volume', 'business', 'hour']",PE
266,109,"['no', 'lead', 'evaluation', 'complete', 'time', 'period', 'long', 'second', 'lead', 'process']",PE
267,109,"['lead', 'process', 'longer', 'second', 'system', 'record', 'event', 'duration']",PE
268,109,"['process', 'fit', 'processing', 'time', 'condition', 'set', 'forth', 'auto', 'rep', 'assignment', 'process', 'lead', 'assign', 'minute', 'total', 'life', 'cycle']",PE
269,109,"['lead', 'washing', 'process', 'operate', 'establish', 'physical', 'web', 'service', 'structure']",O
270,109,"['washing', 'process', 'use', 'non', 'binding', 'neutral', 'datum', 'format', 'xml', 'receive', 'processing', 'lead', 'datum']",O
271,109,"['defect', 'report', 'available', 'technical', 'unit', 'basis']",A
272,109,"['washing', 'parameter', 'update', 'schedule', 'maintenance', 'hour']",MN
273,110,"['product', 'shall', 'simulate', 'look', 'ship', 'sea']",LF
274,110,"['product', 'shall', 'display', 'grid', 'circle', 'view', 'periscope']",LF
275,110,"['product', 'shall', 'display', 'type', 'ship', 'grid', 'image', 'specific', 'type', 'ship']",LF
276,110,"['offensive', 'player', 'take', 'shot', 'product', 'shall', 'simulate', 'sound', 'ship', 'sea']",LF
277,110,"['shot', 'mark', 'miss', 'product', 'shall', 'simulate', 'sound', 'shot', 'miss', 'target']",LF
278,110,"['shot', 'mark', 'hit', 'product', 'shall', 'simulate', 'sound', 'shot', 'hit', 'target']",LF
279,110,"['ship', 'sink', 'product', 'shall', 'simulate', 'sound', 'sink', 'ship']",LF
280,110,"['product', 'shall', 'available', 'hour', 'day', 'day', 'week']",A
281,110,"['product', 'shall', 'able', 'handle', 'large', 'number', 'game', 'simultaneously']",PE
282,110,"['response', 'time', 'shall', 'fast', 'maintain', 'flow', 'game', 'response', 'time', 'shall', 'no', 'second', 'response', 'no', 'remain', 'response']",PE
283,110,"['product', 'shall', 'protect', 'identity', 'player', 'product', 'shall', 'provide', 'player', 'no', 'access', 'information', 'reveal', 'identity', 'player']",PE
284,110,"['product', 'shall', 'intuitive', 'self', 'explanatory', 'user', 'shall', 'able', 'successfully', 'complete', 'game', 'no', 'training']",US
285,110,"['product', 'shall', 'available', 'player', 'understand', 'english', 'spanish', 'french', 'product', 'shall', 'allow', 'user', 'select', 'language', 'access', 'product']",US
286,110,"['product', 'shall', 'provide', 'player', 'no', 'access', 'information', 'reveal', 'identity', 'player']",SE
287,110,"['response', 'time', 'shall', 'fast', 'maintain', 'flow', 'game', 'response', 'time', 'shall', 'no', 'second', 'response', 'no', 'remain', 'response']",PE
288,111,"['system', 'shall', 'easy', 'use', 'caller', 'supervisor', 'caller', 'supervisor', 'able', 'accomplish', 'system', 'task', 'minute']",US
289,111,"['system', 'shall', 'easy', 'learn', 'caller', 'supervisor', 'caller', 'supervisor', 'shall', 'learn', 'use', 'system', 'minute']",US
290,111,"['system', 'shall', 'responsive', 'depaul', 'teleservices', 'center', 'supervisor', 'use', 'system', 'view', 'caller', 'schedule', 'system', 'response', 'time', 'no', 'second', 'time', 'no', 'second', 'rest', 'time']",PE
291,111,"['connection', 'system', 'response', 'time', 'operation', 'no', 'second', 'time']",PE
292,111,"['connection', 'fast', 'system', 'response', 'time', 'operation', 'no', 'second', 'time']",PE
293,111,"['system', 'shall', 'high', 'availability', 'day', 'year', 'system', 'available', 'use', 'day', 'year']",A
294,111,"['system', 'available', 'use', 'day', 'year']",A
295,111,"['product', 'shall', 'internet', 'browser', 'independent', 'product', 'run', 'internet', 'explorer', 'netscape', 'navigator']",MN
296,111,"['product', 'shall', 'ensure', 'supervisor', 'advertise', 'time', 'slot', 'product', 'ensure', 'supervisor', 'allow', 'access', 'advertise', 'time', 'slot']",SE
297,111,"['product', 'shall', 'ensure', 'supervisor', 'enter', 'caller', 'schedule', 'product', 'ensure', 'supervisor', 'allow', 'access', 'advertise', 'time', 'slot']",SE
298,111,"['product', 'shall', 'ensure', 'supervisor', 'view', 'schedule', 'caller', 'product', 'ensure', 'supervisor', 'allow', 'access', 'advertise', 'time', 'slot']",SE
299,111,"['interface', 'shall', 'simple', 'look', 'interface', 'usability', 'survey', 'beta', 'tester', 'report', 'interface', 'adequately', 'simple']",LF
300,111,"['interface', 'shall', 'appeal', 'caller', 'supervisor', 'interface', 'usability', 'survey', 'beta', 'tester', 'report', 'interface', 'appeal']",LF
301,112,"['product', 'shall', 'provide', 'gui', 'base', 'monitoring', 'service', 'system', 'administrator', 'shall', 'monitor', 'message', 'exchange', 'predict', 'determine', 'problem', 'provide', 'internal', 'external', 'support']",LF
302,112,"['product', 'shall', 'comply', 'city', 'chicago', 'application', 'development', 'guide', 'framework', 'application', 'development', 'framework', 'provide', 'structure', 'graphical', 'user', 'interface']",LF
303,112,"['product', 'shall', 'provide', 'monitoring', 'service', 'product', 'shall', 'easy', 'system', 'administrator', 'dbas', 'use', 'week', 'usage']",US
304,112,"['product', 'shall', 'provide', 'error', 'tracking', 'service', 'product', 'shall', 'help', 'system', 'administrator', 'dbas', 'resolve', 'transaction', 'error', 'time']",US
305,112,"['product', 'shall', 'provide', 'portal', 'product', 'shall', 'help', 'system', 'administrator', 'analyze', 'transaction', 'ad', 'hoc', 'reporting', 'kpis', 'key', 'performance', 'indicator']",US
306,112,"['product', 'shall', 'provide', 'asynchronous', 'messaging', 'product', 'shall', 'provide', 'asynchronous', 'messaging', 'enable', 'parallel', 'processing', 'reduce', 'overhead', 'communication']",PE
307,112,"['product', 'shall', 'provide', 'multi', 'threading', 'load', 'balancing', 'product', 'shall', 'provide', 'multi', 'threading', 'technology', 'load', 'balance', 'overcome', 'data', 'load', 'spike', 'traffic']",PE
308,112,"['product', 'shall', 'process', 'message', 'second', 'product', 'shall', 'maximum', 'message', 'processing', 'time', 'second']",PE
309,112,"['product', 'shall', 'poll', 'system', 'message', 'second', 'product', 'shall', 'poll', 'system', 'new', 'message', 'maximum', 'second']",PE
310,112,"['product', 'shall', 'provide', 'dynamic', 'change', 'support', 'transparent', 'resource', 'addition', 'product', 'shall', 'support', 'transparent', 'resource', 'addition', 'dynamic', 'change', 'support', 'provide', 'scalability', 'avoid', 'service', 'interruption', 'day']",PE
311,112,"['product', 'shall', 'available', 'time', 'rationale', 'avoid', 'service', 'interruption', 'busy', 'customer', 'service', 'response', 'period', 'product', 'shall', 'available', 'time', 'regular', 'business', 'day']",A
312,112,"['product', 'shall', 'robust', 'product', 'shall', 'fault', 'avoidance', 'base', 'standard', 'adoption']",FT
313,112,"['product', 'shall', 'robust', 'fault', 'tolerance', 'product', 'shall', 'fault', 'tolerance', 'recovery', 'technique', 'compensatory', 'transaction', 'route', 'failure']",FT
314,112,"['product', 'shall', 'able', 'process', 'transaction', 'product', 'shall', 'process', 'minimum', 'transaction', 'year']",SC
315,112,"['product', 'shall', 'platform', 'independent', 'product', 'shall', 'enable', 'access', 'type', 'development', 'environment', 'platform']",O
316,112,"['product', 'shall', 'interface', 'csr', 'datastream', 'product', 'shall', 'exchange', 'message', 'csr', 'eam', 'real', 'time', 'basis', 'direct', 'interface', 'system']",O
317,112,"['product', 'shall', 'continue', 'operate', 'upgrade', 'change', 'new', 'resource', 'addition', 'product', 'shall', 'able', 'continue', 'operate', 'no', 'interruption', 'service', 'new', 'resource', 'addition']",MN
318,112,"['product', 'shall', 'update', 'regular', 'basis', 'product', 'new', 'major', 'feature', 'introduce', 'month', 'quarterly', 'maintenance', 'release', 'month']",MN
319,112,"['product', 'shall', 'operate', 'platform', 'product', 'shall', 'accommodate', 'new', 'technology', 'change', 'architecture']",MN
320,112,"['product', 'shall', 'security', 'product', 'shall', 'provide', 'authentication', 'authorization']",SE
321,112,"['product', 'shall', 'information', 'security', 'product', 'shall', 'enable', 'privacy', 'encryption', 'ws', 'security', 'integrity', 'checking']",SE
322,112,"['product', 'shall', 'audit', 'capability', 'product', 'shall', 'store', 'message', 'minimum', 'year', 'audit', 'transaction', 'tracking', 'purpose']",SE
323,113,"['system', 'shall', 'use', 'ibm', 'ccr', 'branding', 'standard', 'interface', 'ibm', 'logo', 'ccr', 'logo']",LF
324,113,"['system', 'shall', 'displayable', 'work', 'computer', 'ccr', 'user', 'system', 'interface', 'shall', 'format', 'display', 'pixel', 'resolution']",LF
325,113,"['system', 'interface', 'use', 'ccr', 'nomenclature', 'system', 'use', 'nomenclature', 'exist', 'wcs', 'system', 'report']",LF
326,113,"['interface', 'summarize', 'datum', 'fashion', 'appeal', 'ccr', 'management', 'report', 'type', 'high', 'level', 'summary', 'show', 'result', 'dashboard', 'interface']",LF
327,113,"['system', 'use', 'point', 'click', 'interface', 'selection', 'navigation', 'functionality', 'able', 'activate', 'select', 'mouse', 'keyboard']",US
328,113,"['interface', 'shall', 'easy', 'use', 'user', 'able', 'successfully', 'use', 'system', 'generate', 'report', 'use', 'interface', 'adhere', 'ibm', 'usability', 'standard']",US
329,113,"['report', 'easy', 'generate', 'report', 'generate', 'button', 'click', 'export', 'button', 'click', 'select', 'report']",US
330,113,"['user', 'shall', 'able', 'use', 'system', 'instruction', 'short', 'time', 'use', 'user', 'understand', 'remember', 'system', 'usage', 'navigation']",US
331,113,"['ccr', 'user', 'shall', 'receive', 'training', 'wcs', 'system', 'deploy', 'training', 'session', 'hold', 'ccr', 'user', 'system', 'deployment', 'base', 'ccr', 'user', 'available']",US
332,113,"['wcs', 'system', 'shall', 'use', 'appropriate', 'nomenclature', 'terminology', 'define', 'corporate', 'community', 'grant', 'organization', 'interface', 'report', 'undergo', 'usability', 'test', 'ccr', 'user']",US
333,113,"['wcs', 'system', 'shall', 'available', 'time', 'long', 'ibm', 'internal', 'intranet', 'w3', 'accessible', 'wcs', 'system', 'available', 'time', 'ibm', 'internal', 'intranet', 'w3', 'available']",A
334,113,"['wcs', 'system', 'shall', 'ability', 'connect', 'designate', 'wcs', 'database', 'currently', 'not', 'include', 'system']",SC
335,113,"['wcs', 'system', 'shall', 'ability', 'include', 'datum', 'region', 'outside', 'united', 'states', 'access', 'user', 'outside', 'united', 'states', 'approve', 'ccr', 'management']",SC
336,113,"['wcs', 'system', 'shall', 'run', 'windows', 'environment', 'wcs', 'shall', 'access', 'user', 'internet', 'ibm', 'computer', 'run', 'window', 'operating', 'system']",O
337,113,"['brio', 'portion', 'wcs', 'system', 'able', 'export', 'file', 'spreadsheet', 'form', 'microsoft', 'excel', 'lotus', 'format', 'brio', 'provide', 'button', 'user', 'interface', 'produce', 'export', 'report', '.xls', 'file', 'format']",O
338,113,"['wcs', 'system', 'run', 'query', 'wcs', 'database', 'specify', 'day', 'update', 'available', 'datum', 'available', 'ccr', 'user', 'query', 'external', 'database', 'datum', 'refresh', 'week']",MN
339,113,"['change', 'update', 'addition', 'wcs', 'system', 'shall', 'update', 'wcs', 'developer', 'wcs', 'user', 'guide', 'change', 'reflect', 'wcs', 'system', 'documentation']",MN
340,113,"['system', 'shall', 'access', 'authorized', 'corporate', 'community', 'grant', 'ccr', 'employee', 'user', 'authenticate', 'ibm', 'intranet', 'user', 'password']",SE
341,113,"['wcs', 'system', 'shall', 'not', 'allow', 'automatic', 'login', 'user', 'cookie', 'contain', 'wcs', 'login', 'information', 'user', 'not', 'store', 'user', 'computer']",SE
342,114,"['team', 'owner', 'need', 'use', 'username', 'password', 'order', 'authenticate', 'reach', 'team', 'owner', 'page']",SE
343,114,"['commissioner', 'authorize', 'user', 'league', 'adjust', 'league', 'setting']",SE
344,114,"['page', 'shall', 'contain', 'navigation', 'menu', 'show', 'index', 'current', 'page', 'contain']",LF
345,114,"['page', 'shall', 'contain', 'similar', 'format', 'action', 'item', 'location', 'navigation', 'button', 'different', 'location']",LF
346,114,"['message', 'board', 'shall', 'contain', 'recently', 'post', 'message', 'league', 'page', 'message', 'contain', 'character', 'message']",LF
347,114,"['new', 'user', 'shall', 'able', 'navigate', 'league', 'team', 'page', 'second', 'reach', 'start', 'page']",US
348,114,"['user', 'shall', 'able', 'reach', 'add', 'drop', 'trade', 'player', ""'"", 'page', 'click', 'team', 'owner', 'page']",US
349,114,"['user', 'shall', 'able', 'view', 'nfl', 'player', 'statistic', 'point', 'page']",US
350,114,"['application', 'shall', 'ask', 'user', 'confirm', 'drop', 'player', 'trade', 'player', 'perform', 'action']",US
351,114,"['application', 'shall', 'able', 'complete', 'user', 'transaction', 'fourth', 'second', 'receive', 'request', 'network']",PE
352,114,"['application', 'shall', 'downtime', 'minute', 'year']",A
353,114,"['application', 'shall', 'run', 'web', 'application', 'server']",O
354,114,"['primary', 'database', 'store', 'cached', 'datum', 'active', 'user']",O
355,114,"['secondary', 'database', 'store', 'historical', 'statistic', 'datum']",O
356,114,"['application', 'update', 'shall', 'occur', 'cst', 'wednesday', 'morning', 'middle', 'nfl', 'season']",MN
357,114,"['new', 'system', 'version', 'release', 'shall', 'release', 'beginning', 'nfl', 'season']",MN
358,115,"['rfs', 'system', 'available', 'especially', 'budgeting', 'period', 'rfs', 'system', 'shall', 'available', 'time', 'year', 'budgeting', 'period', 'time', 'system', 'available', 'hour', 'time', 'situation', 'report']",A
359,115,"['user', 'workstation', 'shall', 'meet', 'minimum', 'hardware', 'requirement', 'prior', 'implementation', 'minimum', 'hard', 'disk', 'space', 'mb']",O
360,115,"['user', 'workstation', 'shall', 'meet', 'minimum', 'software', 'requirement', 'prior', 'implementation', 'microsoft', 'internet', 'explorer', 'microsoft', '.net', 'framework', 'microsoft', 'internet', 'explorer', 'web', 'control']",O
361,115,"['rfs', 'system', 'able', 'easily', 'interface', 'bdw', 'environment', 'order', 'load', 'datum', 'data', 'file', 'shall', 'receive', 'bdw', 'load', 'rfs', 'system', 'hour', 'day', 'prior', 'start', 'budgeting', 'process', 'year', 'data', 'october', 'month', 'end', 'test', 'file', 'shall', 'load', 'time', 'year', 'bdw']",O
362,115,"['change', 'revenue', 'expense', 'formula', 'apply', 'rfs', 'system', 'year', 'prior', 'budgeting', 'process', 'start', 'revenue', 'expense', 'formula', 'update', 'week', 'receipt', 'week', 'allot', 'testing', 'budget', 'calculation', 'conduct', 'jointly', 'project', 'development', 'team', 'pcg', 'finance']",MN
363,115,"['new', 'branch', 'complex', 'district', 'region', 'revenue', 'expense', 'account', 'add', 'bdw', 'reflect', 'rfs', 'system', 'entity', 'mention', 'available', 'october', 'month', 'end', 'load', 'rfs', 'system', 'prior', 'budget', 'start', 'process']",MN
364,115,"['authorize', 'user', 'shall', 'access', 'rfs', 'system', 'user', 'exist', 'uas', 'system', 'rfs', 'system', 'assign', 'role(s', 'shall', 'access', 'rfs', 'system', 'use']",SE
365,115,"['user', 'access', 'limit', 'permission', 'grant', 'role(s', 'level', 'pcg', 'hierarchy', 'assign', 'role', 'user', 'assign', 'role', 'access', 'functionality', 'rfs', 'system', 'dependent', 'privilege', 'permission', 'assign', 'role']",SE
366,115,"['product', 'comply', 'intranet', 'page', 'standard', 'requirement', 'enet', 'security', 'product', 'look', '&', 'feel', 'approve', 'architecture', 'group', 'prior', 'implementation', 'remain', 'correct', 'approve', 'month', 'product', 'release']",LF
367,115,"['intranet', 'page', 'display', 'appropriately', 'resolution', 'high', 'display', 'page', 'correct', 'resolution', 'prior', 'implementation', 'remain', 'correct', 'week', 'notification', 'incorrect', 'display']",LF
368,115,"['user', 'able', 'easily', 'use', 'system', 'successfully', 'complete', 'budget', 'stipulate', 'time', 'completion', 'week', 'training', 'prior', 'product', 'implementation', 'user', 'shall', 'complete', 'budget', 'stipulate', 'time']",US
369,115,"['product', 'interface', 'fast', 'response', 'time', 'product', 'interface', 'not', 'exceed', 'second', 'time', 'time', 'response', 'time', 'not', 'second', 'not', 'second']",PE
370,116,"['system', 'shall', 'operate', 'unix', 'window', 'operate', 'system']",PO
371,116,"['system', 'shall', 'evoke', 'type', 'pine', 'command', 'prompt']",O
372,116,"['system', 'shall', 'use', 'smtp', 'mail', 'protocol']",O
373,116,"['system', 'shall', 'use', 'text', 'base', 'interface', 'display', 'listing', 'available', 'mail']",LF
374,116,"['system', 'shall', 'help', 'system', 'offer', 'tip', 'explanation', 'screen', 'item', 'screen', 'demand']",US
375,118,"['meeting', 'scheduler', 'shall', 'access', 'web']",O
376,119,"['system', 'easy', 'use', 'manager', 'chef', 'not', 'need', 'read', 'extensive', 'manual']",US
377,119,"['system', 'quickly', 'accessible', 'manager', 'chef']",US
378,119,"['system', 'intuitive', 'simple', 'way', 'display', 'relevant', 'datum', 'relationship']",US
379,119,"['menu', 'system', 'easily', 'navigable', 'user', 'button', 'easy', 'understand']",US
380,119,"['function', 'system', 'available', 'user', 'time', 'system', 'turn']",A
381,119,"['calculation', 'perform', 'system', 'comply', 'accord', 'norm', 'set', 'user', 'not', 'vary', 'explicitly', 'change', 'user']",L
382,119,"['client', 'agree', 'eula', 'software']",L
383,120,"['web', 'page', 'generate', 'system', 'shall', 'fully', 'downloadable', 'no', 'second', 'modem', 'connection']",PE
384,120,"['response', 'query', 'shall', 'no', 'long', 'second', 'load', 'screen', 'user', 'submit', 'query']",PE
385,120,"['system', 'shall', 'display', 'confirmation', 'message', 'user', 'second', 'user', 'submit', 'information', 'system']",PE
386,120,"['network', 'transaction', 'involve', 'financial', 'information', 'personally', 'identifiable', 'information', 'shall', 'encrypt']",SE
387,120,"['patron', 'shall', 'log', 'accord', 'restricted', 'computer', 'system', 'access', 'policy']",SE
388,120,"['user', 'authorize', 'home', 'access', 'corporate', 'intranet', 'use', 'cos', 'non', 'company', 'location']",SE
389,121,"['programmer', 'application', 'developer', 'access', 'source', 'code', 'address', 'bug', 'system', 'enhancement', 'deem', 'necessary', 'network', 'administrator', 'dba', 'support', 'require', 'maintain', 'system', 'uptime']",A
390,121,"['system', 'security', 'access', 'level', 'provide', 'online', 'system', 'vary', 'level', 'system', 'access', 'functional', 'authority', 'student', 'access', 'limited', 'registration', 'record', 'authorize', 'system', 'administrator(s', 'access', 'student', 'registration', 'record']",SE
391,122,"['datum', 'entry', 'form', 'application', 'match', 'microsoft', 'excel', 'hardcopy', 'counterpart', 'closely', 'possible', 'hardcopie', 'form', 'provide', 'design', 'team', 'second', 'requirement', 'interview']",O
392,123,"['user', 'not', 'need', 'read', 'user', 'manual', 'able', 'use', 'application']",US
393,123,"['change', 'manage', 'would', 'website', 'adopt', 'alter', 'ios', 'application']",MN
394,124,"['application', 'connect', 'internet']",A
395,124,"['application', 'connect', 'gps', 'device']",A
396,124,"['application', 'easy', 'extend', 'code', 'write', 'way', 'favor', 'implementation', 'new', 'function']",MN
397,124,"['test', 'environment', 'build', 'application', 'allow', 'testing', 'application', 'different', 'function']",MN
398,124,"['application', 'portable', 'ios', 'android']",PO
399,125,"['system', 'shall', 'tab', 'display', 'equivalent', 'functionality', 'campus', 'map', 'tab', 'info', 'recently', 'announce', 'building']",LF
400,125,"['system', 'shall', 'allow', 'user', 'scroll', 'campus', 'map', 'campus', 'map', 'tab']",US
401,125,"['campus', 'map', 'shall', 'provide', 'visual', 'clue', 'area', 'prepare', 'audio', 'select']",LF
402,125,"['campus', 'map', 'shall', 'pause', 'resume', 'button', 'pause', 'resume', 'button', 'allow', 'user', 'scroll', 'select', 'building', 'interrupt', 'automatic', 'search', 'announce', 'feature']",LF
403,125,"['system', 'shall', 'provide', 'way', 'return', 'startup', 'screen']",US
404,127,"['system', 'use', 'company', 'color', 'logo']",LF
405,127,"['system', 'shall', 'capable', 'restore', 'previous', 'state', 'event', 'failure', 'e.g.', 'system', 'crash', 'power', 'loss']",FT
406,127,"['system', 'shall', 'able', 'display', 'menu', 'time', 'facilitate', 'manual', 'order', 'take', 'need', 'arise']",LF
407,127,"['system', 'shall', 'utilize', 'periodic', 'alive', 'message', 'tablet', 'server', 'monitor', 'tablet', 'operational', 'status']",O
408,127,"['system', 'shall', 'flag', 'tablet', 'fail', 'send', 'timely', 'alive', 'message', 'non', 'operational', 'disassociate', 'assign', 'waiter', 'tablet']",FT
409,127,"['waiter', 'password', 'tablet', 'login', 'bit', 'strength', 'bit']",SE
410,127,"['waiter', 'password', 'tablet', 'login', 'change', 'month']",SE
411,127,"['waiter', 'shall', 'able', 'log', 'tablet', 'give', 'instance', 'time']",SE
412,127,"['waiter', 'attempt', 'log', 'second', 'tablet', 'log', 'tablet', 'shall', 'reject', 'notify', 'tablet']",SE
413,127,"['display', 'shall', 'not', 'require', 'user', 'log']",SE
414,127,"['surface', 'computer', 'shall', 'not', 'require', 'user', 'log']",SE
415,127,"['tablet', 'shall', 'require', 'user', 'log', 'username', 'password']",SE
416,128,"['system', 'fully', 'function', 'major', 'browser']",PO
417,128,"['system', 'support', 'mobile', 'user', 'way']",PO
418,129,"['response', 'view', 'information', 'shall', 'no', 'long', 'second', 'appear', 'screen']",PE
419,129,"['system', 'shall', 'accommodate', 'large', 'data', 'item', 'fault']",FT
420,129,"['system', 'use', 'secured', 'database']",SE
421,129,"['unauthorized', 'user', 'read', 'datum', 'modify']",SE
422,129,"['ab', 'shall', 'handle', 'expect', 'unexpected', 'error', 'way', 'prevent', 'loss', 'information', 'long', 'downtime', 'period']",FT
423,130,"['information', 'transmission', 'securely', 'transmit', 'server', 'change', 'information']",SE
424,130,"['intuitive', 'time', 'user']",LF
425,131,"['flea', 'market', 'system', 'interface', 'web', 'server', 'rdbms', 'software', 'api', 'provide', 'implementation', 'language']",O
426,131,"['transaction', 'flea', 'market', 'require', 'valid', 'user', 'would', 'password']",SE
427,131,"['secure', 'datum', 'transfer', 'internet', 'provide', 'ssl', 'encryption', 'configure', 'host', 'system', 'administrator']",SE
428,131,"['ip', 'address', 'transaction', 'log']",SE
429,131,"['user', 'password', 'store', 'database', 'encrypted', 'format']",SE
430,131,"['detailed', 'documentation', 'code', 'srs', 'enable', 'easy', 'maintenance', 'flea', 'market']",MN
431,132,"['update', 'part', 'change', 'connect', 'server']",O
432,132,"['able', 'change', 'update', 'information', 'server']",O
433,132,"['application', 'log', 'user', 'exit']",SE
434,132,"['correct', 'combination', 'username', 'password', 'require', 'user', 'login']",SE
435,132,"['drill', 'view', 'datum', 'medical', 'record', 'log']",LF
436,132,"['logout', 'automatic', 'hour', 'inactivity']",SE
437,132,"['datum', 'backup', 'create', 'daily']",SE
438,132,"['account', 'securely', 'store', 'datum']",SE
439,133,"['system', 'location', 'doughnut', 'send']",O
440,133,"['website', 'available', 'user', 'want', 'use']",A
441,134,"['system', 'use', 'ssl', 'secure', 'socket', 'layer', 'transaction', 'include', 'confidential', 'customer', 'information']",SE
442,134,"['system', 'automatically', 'log', 'customer', 'period', 'inactivity']",SE
443,134,"['system', 'not', 'leave', 'cookie', 'customer', 'computer', 'contain', 'user', 'password']",SE
444,134,"['system', 'end', 'server', 'shall', 'accessible', 'authenticate', 'administrator']",SE
445,134,"['sensitive', 'datum', 'encrypt', 'send', 'insecure', 'connection', 'like', 'internet']",SE
446,134,"['system', 'provide', 'storage', 'database', 'redundant', 'computer', 'automatic', 'switchover']",O
447,134,"['reliability', 'overall', 'program', 'depend', 'reliability', 'separate', 'component', 'main', 'pillar', 'reliability', 'system', 'backup', 'database', 'continuously', 'maintain', 'update', 'reflect', 'recent', 'change']",FT
448,134,"['end', 'user', 'use', 'system', 'os', 'window', 'linux']",PO
449,135,"['logo', 'current', 'basic', 'design', 'registration', 'system', 'display', 'system', 'attractive', 'accord', 'client', 'design', 'color', 'user', 'feel', 'comfortable', 'system', 'instead', 'flash', 'useless', 'color', 'screen', 'design', 'reflect', 'seriousness', 'environment']",LF
450,135,"['system', 'able', 'manage', 'information', 'incoming', 'database', 'catalogue']",O
451,135,"['product', 'web', 'base', 'environment', 'allow', 'web', 'access']",PO
452,135,"['system', 'successfully', 'operate', 'registration', 'system', 'integrate', 'service', 'portal']",O
453,135,"['system', 'need', 'entirely', 'self', 'support', 'user', 'register', 'course']",US
454,135,"['web', 'interface', 'compatible', 'standard', 'order', 'usable', 'major', 'web', 'browser', 'wide', 'variety', 'environment']",PO
455,135,"['stakeholder', 'guest', 'access', 'system', 'catalogue', 'client', 'secure', 'private', 'access', 'datum', 'service', 'man', 'access', 'system', 'access', 'guest', 'tour', 'access', 'require', 'identification', 'would', 'password']",SE
456,135,"['system', 'develop', 'security', 'system', 'reduce', 'minimum', 'possibility', 'corruption', 'system', 'and/or', 'human']",SE
457,136,"['operational', 'interface', 'shall', 'mean', 'time', 'failure', 'no', 'day']",FT
458,136,"['system', 'shall', 'available', 'time']",A
459,136,"['software', 'system', 'need', 'robust', 'security', 'mechanism', 'place', 'unauthorized', 'user', 'not', 'allow', 'access', 'part', 'system']",SE
460,136,"['user', 'shall', 'trust', 'not', 'trust']",SE
461,136,"['source', 'code', 'development', 'relate', 'document', 'shall', 'control', 'version', 'control', 'system']",MN
462,136,"['source', 'code', 'shall', 'adhere', 'agree', 'define', 'set', 'code', 'standard', 'development', 'language']",MN
463,136,"['software', 'run', 'popular', 'hardware', 'platform', 'goal', 'achieve', 'reasonable', 'level', 'platform', 'independence']",PO
464,137,"['high', 'level', 'performance', 'require', 'high', 'speed', 'network', 'high', 'level', 'connectivity']",PE
465,137,"['available', 'server', 'reliable', 'network', 'connectivity', 'supermarket', 'proper', 'smooth', 'flow', 'operation', 'datum']",O
466,137,"['user', 'software', 'provide', 'unique', 'login', 'would', 'password', 'store', 'database', 'hash', 'sha2', 'algorithm']",SE
467,137,"['software', 'available', 'use', 'supermarket', 'opening', 'time', 'closing', 'time']",A
468,138,"['system', 'shall', 'accommodate', 'high', 'number', 'item', 'user', 'fault']",FT
469,138,"['system', 'use', 'shall', 'not', 'harm', 'human', 'user']",SE
470,138,"['system', 'use', 'secured', 'database']",SE
471,138,"['normal', 'user', 'read', 'information', 'not', 'edit', 'modify', 'personal', 'information']",SE
472,138,"['system', 'different', 'type', 'user', 'user', 'access', 'constraint']",SE
473,138,"['customer', 'valid', 'login', 'would', 'enter', 'site']",SE
474,140,"['system', 'expect', 'reasonable', 'short', 'time', 'response', 'voter', 'able', 'login', 'able', 'response', 'request', 'second']",PE
475,140,"['datum', 'transaction', 'client', 'server', 'encrypt', 'ssl', 'technology']",SE
476,140,"['password', 'generate', 'accept', 'store', 'database', 'encrypted', 'form']",SE
477,140,"['prevent', 'attack', 'system', 'generate', 'random', 'word', 'ask', 'user', 'enter', 'correctly', 'multiple', 'trying']",SE
478,140,"['system', 'warn', 'eca', 'user', 'malfunction', 'system']",FT
479,140,"['system', 'simple', 'use']",LF
480,143,"['user', 'system', 'shall', 'login', 'form', 'unique', 'identification']",SE
481,143,"['login', 'attempt', 'shall', 'secure', 'manner']",SE
482,143,"['system', 'shall', 'compatible', 'microsoft', 'window', 'operate', 'system']",O
483,145,"['web', 'application', 'shall', 'add', 'no', 'second', 'perceivable', 'overhead', 'time', 'necessary', 'web', 'database', 'transaction', 'time']",PE
484,145,"['system', 'shall', 'utilize', 'https', 'communication', 'ensure', 'datum', 'confidentiality']",SE
485,145,"['user', 'authentication', 'privilege', 'define', 'outside', 'scope', 'system', 'microsoft', 'active', 'directory', 'server']",SE
486,145,"['personal', 'information', 'security', 'define', 'outside', 'scope', 'sdms', 'database', 'server']",SE
487,145,"['user', 'shall', 'require', 'log', 'system', 'operation', 'operation', 'login', 'page']",SE
488,145,"['system', 'shall', 'run', 'windows', 'server']",PO
489,145,"['system', 'shall', 'compatible', 'iis6.0', 'apache']",PO
490,146,"['system', 'shall', 'provide', 'uniform', 'look', 'feel', 'web', 'page']",LF
491,146,"['system', 'shall', 'provide', 'digital', 'image', 'product', 'product', 'catalog']",US
492,146,"['system', 'shall', 'provide', 'use', 'icon', 'toolbar']",US
493,146,"['system', 'shall', 'provide', 'handicap', 'access']",US
494,146,"['system', 'shall', 'provide', 'multi', 'language', 'support']",US
495,146,"['system', 'shall', 'provide', 'contractual', 'agreement', 'internet', 'service', 'provider', 't3', 'access', 'availability']",A
496,146,"['system', 'shall', 'provide', 'contractual', 'agreement', 'internet', 'service', 'provider', 'provide', 'availability', 'network', 'facility', 'internet']",A
497,146,"['product', 'shall', 'base', 'web', 'run', 'web', 'server']",O
498,146,"['product', 'shall', 'initial', 'load', 'time', 'depend', 'internet', 'connection', 'strength', 'depend', 'medium', 'product', 'run']",PE
499,146,"['performance', 'shall', 'depend', 'hardware', 'component', 'client', 'customer']",PE
500,146,"['system', 'shall', 'use', 'secure', 'socket', 'transaction', 'include', 'confidential', 'customer', 'information']",SE
501,146,"['system', 'shall', 'automatically', 'log', 'customer', 'period', 'inactivity']",SE
502,146,"['system', 'shall', 'confirm', 'transaction', 'customer', 'web', 'browser']",US
503,146,"['system', 'shall', 'not', 'leave', 'cookie', 'customer', 'computer', 'contain', 'user', 'password']",SE
504,146,"['system', 'shall', 'not', 'leave', 'cookie', 'customer', 'computer', 'contain', 'user', 'confidential', 'information']",SE
505,146,"['customer', 'web', 'browser', 'shall', 'display', 'customer', 'password', 'shall', 'echo', 'special', 'character', 'represent', 'type', 'character']",SE
506,146,"['customer', 'web', 'browser', 'shall', 'display', 'customer', 'credit', 'card', 'number', 'retrieve', 'database', 'shall', 'show', 'digit', 'credit', 'card', 'number']",SE
507,146,"['system', 'end', 'server', 'shall', 'display', 'customer', 'password', 'customer', 'password', 'reset', 'show']",SE
508,146,"['system', 'end', 'database', 'shall', 'encrypt']",SE
509,147,"['system', 'use', 'single', 'password', 'user', 'login', 'e', 'store', 'system']",SE
510,147,"['system', 'shall', 'use', 'secure', 'socket', 'layer', 'ssl', 'technology', 'ensure', 'payment', 'online', 'user', 'login', 'secure']",SE
511,148,"['page', 'application', 'not', 'second', 'load', 'dsl', 'broadband', 'connection']",PE
512,148,"['system', 'throttle', 'slow', 'heavy', 'load', 'ensure', 'service', 'everybody', 'throttling', 'mean', 'certain', 'functionality', 'unavailable', 'heavy', 'server', 'load']",PE
513,148,"['application', 'able', 'support', 'concurrent', 'user', 'performance', 'degradation']",PE
514,148,"['system', 'able', 'scale', 'concurrent', 'user', 'need', 'future', 'instal', 'additional', 'hardware', 'component']",SC
515,148,"['mtbf', 'not', 'month']",A
516,148,"['secure', 'server', 'require', 'ensure', 'confidentiality', 'customer', 'credit', 'card', 'detail']",SE
517,148,"['user', 'interface', 'system', 'user', 'friendly']",US
518,148,"['not', 'second', 'new', 'user', 'register', 'account']",US
519,148,"['not', 'second', 'register', 'user', 'place', 'order']",US
520,148,"['system', 'easy', 'maintain', 'manual', 'hour', 'training']",MN
521,148,"['system', 'portable', 'operating', 'environment']",PO
522,149,"['entire', 'website', 'user', 'friendly', 'easily', 'navigable', 'website', 'provide', 'site', 'map', 'quick', 'access', 'particular', 'link', 'accord', 'requirement', 'specification', 'user', 'able', 'find', 'want', 'site', 'difficulty', 'website', 'adhere', 'brand', 'scheme', 'layout', 'web', 'page', 'uniform']",US
523,149,"['system', 'shall', 'support', 'simultaneous', 'user', 'central', 'database', 'give', 'time', 'simultaneous', 'user', 'local', 'server', 'time', 'performance', 'website', 'optimal', 'case', 'huge', 'load', 'appropriate', 'load', 'balancing', 'achieve', 'number', 'mirror', 'server', 'readily', 'available', 'case', 'huge', 'load', 'user', 'get', 'delay']",PE
524,149,"['website', 'provide', 'high', 'degree', 'security', 'register', 'user', 'transaction', 'secure', 'sensitive', 'information', 'pass', 'website', 'secure', 'identity', 'theft', 'security', 'relate', 'issue', 'solve', 'unauthorized', 'transmission', 'sensitive', 'information', 'user', 'party', 'website', 'reference', 'avoid', 'basis', 'user', 'agreement', 'information', 'process', 'information', 'register', 'user', 'securely', 'store', 'central', 'database']",SE
